/*
SQLyog Trial v13.1.5  (64 bit)
MySQL - 10.4.8-MariaDB : Database - saldos
*********************************************************************
*/

/*!40101 SET NAMES utf8 */;

/*!40101 SET SQL_MODE=''*/;

/*!40014 SET @OLD_UNIQUE_CHECKS=@@UNIQUE_CHECKS, UNIQUE_CHECKS=0 */;
/*!40014 SET @OLD_FOREIGN_KEY_CHECKS=@@FOREIGN_KEY_CHECKS, FOREIGN_KEY_CHECKS=0 */;
/*!40101 SET @OLD_SQL_MODE=@@SQL_MODE, SQL_MODE='NO_AUTO_VALUE_ON_ZERO' */;
/*!40111 SET @OLD_SQL_NOTES=@@SQL_NOTES, SQL_NOTES=0 */;
CREATE DATABASE /*!32312 IF NOT EXISTS*/`saldos` /*!40100 DEFAULT CHARACTER SET utf8 COLLATE utf8_spanish_ci */;

USE `saldos`;

/*Table structure for table `abono_usuarios` */

DROP TABLE IF EXISTS `abono_usuarios`;

CREATE TABLE `abono_usuarios` (
  `id_abono_usuario` int(11) NOT NULL AUTO_INCREMENT,
  `fecha_pago` datetime NOT NULL,
  `comprobante` varchar(255) COLLATE utf8_spanish_ci DEFAULT NULL,
  `fecha_alta` datetime DEFAULT current_timestamp(),
  `fecha_modificacion` datetime DEFAULT NULL ON UPDATE current_timestamp(),
  `id_cargo_usuarios` int(11) NOT NULL,
  PRIMARY KEY (`id_abono_usuario`),
  KEY `fk_abono_usuarios_cargo_usuarios1_idx` (`id_cargo_usuarios`),
  CONSTRAINT `fk_abono_usuarios_cargo_usuarios1` FOREIGN KEY (`id_cargo_usuarios`) REFERENCES `cargo_usuarios` (`id_cargo_usuarios`) ON DELETE NO ACTION ON UPDATE NO ACTION
) ENGINE=InnoDB AUTO_INCREMENT=3 DEFAULT CHARSET=utf8 COLLATE=utf8_spanish_ci;

/*Data for the table `abono_usuarios` */

insert  into `abono_usuarios`(`id_abono_usuario`,`fecha_pago`,`comprobante`,`fecha_alta`,`fecha_modificacion`,`id_cargo_usuarios`) values 
(1,'2019-11-30 00:00:00',NULL,'2019-11-30 03:50:27',NULL,83),
(2,'2019-11-30 00:00:00',NULL,'2019-11-30 03:51:13',NULL,86);

/*Table structure for table `cargo_usuarios` */

DROP TABLE IF EXISTS `cargo_usuarios`;

CREATE TABLE `cargo_usuarios` (
  `id_cargo_usuarios` int(11) NOT NULL AUTO_INCREMENT,
  `importe` decimal(20,2) NOT NULL,
  `fecha_alta` datetime NOT NULL DEFAULT current_timestamp(),
  `id_usuario` int(11) NOT NULL,
  `id_cat_mes` int(11) NOT NULL,
  `anio` varchar(4) COLLATE utf8_spanish_ci DEFAULT NULL,
  PRIMARY KEY (`id_cargo_usuarios`),
  KEY `fk_saldo_usuario_usuario1_idx` (`id_usuario`),
  KEY `fk_saldo_usuario_cat_meses1_idx` (`id_cat_mes`),
  CONSTRAINT `fk_saldo_usuario_cat_meses1` FOREIGN KEY (`id_cat_mes`) REFERENCES `cat_meses` (`id_cat_mes`) ON DELETE NO ACTION ON UPDATE NO ACTION,
  CONSTRAINT `fk_saldo_usuario_usuario1` FOREIGN KEY (`id_usuario`) REFERENCES `usuarios` (`id_usuario`) ON DELETE NO ACTION ON UPDATE NO ACTION
) ENGINE=InnoDB AUTO_INCREMENT=87 DEFAULT CHARSET=utf8 COLLATE=utf8_spanish_ci;

/*Data for the table `cargo_usuarios` */

insert  into `cargo_usuarios`(`id_cargo_usuarios`,`importe`,`fecha_alta`,`id_usuario`,`id_cat_mes`,`anio`) values 
(83,750.00,'2019-11-29 22:54:06',9,1,'2018'),
(84,750.00,'2019-11-29 22:54:06',10,1,'2018'),
(85,750.00,'2019-11-29 22:54:06',11,1,'2018'),
(86,750.00,'2019-11-29 22:54:34',9,2,'2018');

/*Table structure for table `cat_estados` */

DROP TABLE IF EXISTS `cat_estados`;

CREATE TABLE `cat_estados` (
  `id_cat_estado` int(11) NOT NULL AUTO_INCREMENT,
  `estado` varchar(45) COLLATE utf8_spanish_ci DEFAULT NULL,
  `abreviatura` varchar(45) COLLATE utf8_spanish_ci DEFAULT NULL,
  PRIMARY KEY (`id_cat_estado`)
) ENGINE=InnoDB AUTO_INCREMENT=33 DEFAULT CHARSET=utf8 COLLATE=utf8_spanish_ci;

/*Data for the table `cat_estados` */

insert  into `cat_estados`(`id_cat_estado`,`estado`,`abreviatura`) values 
(1,'Aguascalientes',NULL),
(2,'Baja California',NULL),
(3,'Baja California Sur',NULL),
(4,'Campeche',NULL),
(5,'Coahuila de Zaragoza',NULL),
(6,'Colima',NULL),
(7,'Chiapas',NULL),
(8,'Chihuahua',NULL),
(9,'Distrito Federal',NULL),
(10,'Durango',NULL),
(11,'Guanajuato',NULL),
(12,'Guerrero',NULL),
(13,'Hidalgo',NULL),
(14,'Jalisco',NULL),
(15,'México',NULL),
(16,'Michoacán de Ocampo',NULL),
(17,'Morelos',NULL),
(18,'Nayarit',NULL),
(19,'Nuevo León',NULL),
(20,'Oaxaca de Juárez',NULL),
(21,'Puebla',NULL),
(22,'Querétaro',NULL),
(23,'Quintana Roo',NULL),
(24,'San Luis Potosí',NULL),
(25,'Sinaloa',NULL),
(26,'Sonora',NULL),
(27,'Tabasco',NULL),
(28,'Tamaulipas',NULL),
(29,'Tlaxcala',NULL),
(30,'Veracruz de Ignacio de la Llave',NULL),
(31,'Yucatán',NULL),
(32,'Zacatecas',NULL);

/*Table structure for table `cat_meses` */

DROP TABLE IF EXISTS `cat_meses`;

CREATE TABLE `cat_meses` (
  `id_cat_mes` int(11) NOT NULL AUTO_INCREMENT,
  `mes` varchar(45) COLLATE utf8_spanish_ci DEFAULT NULL,
  `activo` int(11) DEFAULT NULL,
  PRIMARY KEY (`id_cat_mes`)
) ENGINE=InnoDB AUTO_INCREMENT=18 DEFAULT CHARSET=utf8 COLLATE=utf8_spanish_ci;

/*Data for the table `cat_meses` */

insert  into `cat_meses`(`id_cat_mes`,`mes`,`activo`) values 
(1,'Enero',1),
(2,'Febrero',1),
(3,'Marzo',1),
(4,'Abril',1),
(5,'Mayo',1),
(6,'Junio',1),
(7,'Julio',1),
(8,'Agosto',1),
(9,'Septiembre',1),
(10,'Octubre',1),
(11,'Noviembre',1),
(17,'Diciembre',1);

/*Table structure for table `cat_municipios` */

DROP TABLE IF EXISTS `cat_municipios`;

CREATE TABLE `cat_municipios` (
  `id_cat_municipio` int(11) NOT NULL AUTO_INCREMENT,
  `municipio` varchar(45) COLLATE utf8_spanish_ci DEFAULT NULL,
  `abreviatura` varchar(45) COLLATE utf8_spanish_ci DEFAULT NULL,
  `activo` int(11) DEFAULT NULL,
  `id_cat_estado` int(11) NOT NULL,
  PRIMARY KEY (`id_cat_municipio`),
  KEY `fk_cat_municipios_cat_estados1_idx` (`id_cat_estado`),
  CONSTRAINT `fk_cat_municipios_cat_estados1` FOREIGN KEY (`id_cat_estado`) REFERENCES `cat_estados` (`id_cat_estado`) ON DELETE NO ACTION ON UPDATE NO ACTION
) ENGINE=InnoDB AUTO_INCREMENT=1360 DEFAULT CHARSET=utf8 COLLATE=utf8_spanish_ci;

/*Data for the table `cat_municipios` */

insert  into `cat_municipios`(`id_cat_municipio`,`municipio`,`abreviatura`,`activo`,`id_cat_estado`) values 
(1,'Aguascalientes','001',1,1),
(2,'Asientos','002',1,1),
(3,'Calvillo','003',1,1),
(4,'Cosío','004',1,1),
(5,'Jesús María','005',1,1),
(6,'Pabellón de Arteaga','006',1,1),
(7,'Rincón de Romos','007',1,1),
(8,'San José de Gracia','008',1,1),
(9,'Tepezalá','009',1,1),
(10,'El Llano','010',1,1),
(11,'San Francisco de los Romo','011',1,1),
(12,'Ensenada','001',1,2),
(13,'Mexicali','002',1,2),
(14,'Tecate','003',1,2),
(15,'Tijuana','004',1,2),
(16,'Playas de Rosarito','005',1,2),
(17,'Comondú','001',1,3),
(18,'Mulegé','002',1,3),
(19,'La Paz','003',1,3),
(20,'Los Cabos','008',1,3),
(21,'Loreto','009',1,3),
(22,'Calkiní','001',1,4),
(23,'Campeche','002',1,4),
(24,'Carmen','003',1,4),
(25,'Champotón','004',1,4),
(26,'Hecelchakán','005',1,4),
(27,'Hopelchén','006',1,4),
(28,'Palizada','007',1,4),
(29,'Tenabo','008',1,4),
(30,'Escárcega','009',1,4),
(31,'Calakmul','010',1,4),
(32,'Candelaria','011',1,4),
(33,'Abasolo','001',1,5),
(34,'Acuña','002',1,5),
(35,'Allende','003',1,5),
(36,'Arteaga','004',1,5),
(37,'Candela','005',1,5),
(38,'Castaños','006',1,5),
(39,'Cuatro Ciénegas','007',1,5),
(40,'Escobedo','008',1,5),
(41,'Francisco I. Madero','009',1,5),
(42,'Frontera','010',1,5),
(43,'General Cepeda','011',1,5),
(44,'Guerrero','012',1,5),
(45,'Hidalgo','013',1,5),
(46,'Jiménez','014',1,5),
(47,'Juárez','015',1,5),
(48,'Lamadrid','016',1,5),
(49,'Matamoros','017',1,5),
(50,'Monclova','018',1,5),
(51,'Morelos','019',1,5),
(52,'Múzquiz','020',1,5),
(53,'Nadadores','021',1,5),
(54,'Nava','022',1,5),
(55,'Ocampo','023',1,5),
(56,'Parras','024',1,5),
(57,'Piedras Negras','025',1,5),
(58,'Progreso','026',1,5),
(59,'Ramos Arizpe','027',1,5),
(60,'Sabinas','028',1,5),
(61,'Sacramento','029',1,5),
(62,'Saltillo','030',1,5),
(63,'San Buenaventura','031',1,5),
(64,'San Juan de Sabinas','032',1,5),
(65,'San Pedro','033',1,5),
(66,'Sierra Mojada','034',1,5),
(67,'Torreón','035',1,5),
(68,'Viesca','036',1,5),
(69,'Villa Unión','037',1,5),
(70,'Zaragoza','038',1,5),
(71,'Armería','001',1,6),
(72,'Colima','002',1,6),
(73,'Comala','003',1,6),
(74,'Coquimatlán','004',1,6),
(75,'Cuauhtémoc','005',1,6),
(76,'Ixtlahuacán','006',1,6),
(77,'Manzanillo','007',1,6),
(78,'Minatitlán','008',1,6),
(79,'Tecomán','009',1,6),
(80,'Villa de Álvarez','010',1,6),
(81,'Acacoyagua','001',1,7),
(82,'Acala','002',1,7),
(83,'Acapetahua','003',1,7),
(84,'Altamirano','004',1,7),
(85,'Amatán','005',1,7),
(86,'Amatenango de la Frontera','006',1,7),
(87,'Amatenango del Valle','007',1,7),
(88,'Angel Albino Corzo','008',1,7),
(89,'Arriaga','009',1,7),
(90,'Bejucal de Ocampo','010',1,7),
(91,'Bella Vista','011',1,7),
(92,'Berriozábal','012',1,7),
(93,'Bochil','013',1,7),
(94,'El Bosque','014',1,7),
(95,'Cacahoatán','015',1,7),
(96,'Catazajá','016',1,7),
(97,'Cintalapa','017',1,7),
(98,'Coapilla','018',1,7),
(99,'Comitán de Domínguez','019',1,7),
(100,'La Concordia','020',1,7),
(101,'Copainalá','021',1,7),
(102,'Chalchihuitán','022',1,7),
(103,'Chamula','023',1,7),
(104,'Chanal','024',1,7),
(105,'Chapultenango','025',1,7),
(106,'Chenalhó','026',1,7),
(107,'Chiapa de Corzo','027',1,7),
(108,'Chiapilla','028',1,7),
(109,'Chicoasén','029',1,7),
(110,'Chicomuselo','030',1,7),
(111,'Chilón','031',1,7),
(112,'Escuintla','032',1,7),
(113,'Francisco León','033',1,7),
(114,'Frontera Comalapa','034',1,7),
(115,'Frontera Hidalgo','035',1,7),
(116,'La Grandeza','036',1,7),
(117,'Huehuetán','037',1,7),
(118,'Huixtán','038',1,7),
(119,'Huitiupán','039',1,7),
(120,'Huixtla','040',1,7),
(121,'La Independencia','041',1,7),
(122,'Ixhuatán','042',1,7),
(123,'Ixtacomitán','043',1,7),
(124,'Ixtapa','044',1,7),
(125,'Ixtapangajoya','045',1,7),
(126,'Jiquipilas','046',1,7),
(127,'Jitotol','047',1,7),
(128,'Juárez','048',1,7),
(129,'Larráinzar','049',1,7),
(130,'La Libertad','050',1,7),
(131,'Mapastepec','051',1,7),
(132,'Las Margaritas','052',1,7),
(133,'Mazapa de Madero','053',1,7),
(134,'Mazatán','054',1,7),
(135,'Metapa','055',1,7),
(136,'Mitontic','056',1,7),
(137,'Motozintla','057',1,7),
(138,'Nicolás Ruíz','058',1,7),
(139,'Ocosingo','059',1,7),
(140,'Ocotepec','060',1,7),
(141,'Ocozocoautla de Espinosa','061',1,7),
(142,'Ostuacán','062',1,7),
(143,'Osumacinta','063',1,7),
(144,'Oxchuc','064',1,7),
(145,'Palenque','065',1,7),
(146,'Pantelhó','066',1,7),
(147,'Pantepec','067',1,7),
(148,'Pichucalco','068',1,7),
(149,'Pijijiapan','069',1,7),
(150,'El Porvenir','070',1,7),
(151,'Villa Comaltitlán','071',1,7),
(152,'Pueblo Nuevo Solistahuacán','072',1,7),
(153,'Rayón','073',1,7),
(154,'Reforma','074',1,7),
(155,'Las Rosas','075',1,7),
(156,'Sabanilla','076',1,7),
(157,'Salto de Agua','077',1,7),
(158,'San Cristóbal de las Casas','078',1,7),
(159,'San Fernando','079',1,7),
(160,'Siltepec','080',1,7),
(161,'Simojovel','081',1,7),
(162,'Sitalá','082',1,7),
(163,'Socoltenango','083',1,7),
(164,'Solosuchiapa','084',1,7),
(165,'Soyaló','085',1,7),
(166,'Suchiapa','086',1,7),
(167,'Suchiate','087',1,7),
(168,'Sunuapa','088',1,7),
(169,'Tapachula','089',1,7),
(170,'Tapalapa','090',1,7),
(171,'Tapilula','091',1,7),
(172,'Tecpatán','092',1,7),
(173,'Tenejapa','093',1,7),
(174,'Teopisca','094',1,7),
(175,'Tila','096',1,7),
(176,'Tonalá','097',1,7),
(177,'Totolapa','098',1,7),
(178,'La Trinitaria','099',1,7),
(179,'Tumbalá','100',1,7),
(180,'Tuxtla Gutiérrez','101',1,7),
(181,'Tuxtla Chico','102',1,7),
(182,'Tuzantán','103',1,7),
(183,'Tzimol','104',1,7),
(184,'Unión Juárez','105',1,7),
(185,'Venustiano Carranza','106',1,7),
(186,'Villa Corzo','107',1,7),
(187,'Villaflores','108',1,7),
(188,'Yajalón','109',1,7),
(189,'San Lucas','110',1,7),
(190,'Zinacantán','111',1,7),
(191,'San Juan Cancuc','112',1,7),
(192,'Aldama','113',1,7),
(193,'Benemérito de las Américas','114',1,7),
(194,'Maravilla Tenejapa','115',1,7),
(195,'Marqués de Comillas','116',1,7),
(196,'Montecristo de Guerrero','117',1,7),
(197,'San Andrés Duraznal','118',1,7),
(198,'Santiago el Pinar','119',1,7),
(199,'Capitán Luis Ángel Vidal','120',1,7),
(200,'Rincón Chamula San Pedro','121',1,7),
(201,'El Parral','122',1,7),
(202,'Emiliano Zapata','123',1,7),
(203,'Mezcalapa','124',1,7),
(204,'Ahumada','001',1,8),
(205,'Aldama','002',1,8),
(206,'Allende','003',1,8),
(207,'Aquiles Serdán','004',1,8),
(208,'Ascensión','005',1,8),
(209,'Bachíniva','006',1,8),
(210,'Balleza','007',1,8),
(211,'Batopilas de Manuel Gómez Morín','008',1,8),
(212,'Bocoyna','009',1,8),
(213,'Buenaventura','010',1,8),
(214,'Camargo','011',1,8),
(215,'Carichí','012',1,8),
(216,'Casas Grandes','013',1,8),
(217,'Coronado','014',1,8),
(218,'Coyame del Sotol','015',1,8),
(219,'La Cruz','016',1,8),
(220,'Cuauhtémoc','017',1,8),
(221,'Cusihuiriachi','018',1,8),
(222,'Chihuahua','019',1,8),
(223,'Chínipas','020',1,8),
(224,'Delicias','021',1,8),
(225,'Dr. Belisario Domínguez','022',1,8),
(226,'Galeana','023',1,8),
(227,'Santa Isabel','024',1,8),
(228,'Gómez Farías','025',1,8),
(229,'Gran Morelos','026',1,8),
(230,'Guachochi','027',1,8),
(231,'Guadalupe','028',1,8),
(232,'Guadalupe y Calvo','029',1,8),
(233,'Guazapares','030',1,8),
(234,'Guerrero','031',1,8),
(235,'Hidalgo del Parral','032',1,8),
(236,'Huejotitán','033',1,8),
(237,'Ignacio Zaragoza','034',1,8),
(238,'Janos','035',1,8),
(239,'Jiménez','036',1,8),
(240,'Juárez','037',1,8),
(241,'Julimes','038',1,8),
(242,'López','039',1,8),
(243,'Madera','040',1,8),
(244,'Maguarichi','041',1,8),
(245,'Manuel Benavides','042',1,8),
(246,'Matachí','043',1,8),
(247,'Matamoros','044',1,8),
(248,'Meoqui','045',1,8),
(249,'Morelos','046',1,8),
(250,'Moris','047',1,8),
(251,'Namiquipa','048',1,8),
(252,'Nonoava','049',1,8),
(253,'Nuevo Casas Grandes','050',1,8),
(254,'Ocampo','051',1,8),
(255,'Ojinaga','052',1,8),
(256,'Praxedis G. Guerrero','053',1,8),
(257,'Riva Palacio','054',1,8),
(258,'Rosales','055',1,8),
(259,'Rosario','056',1,8),
(260,'San Francisco de Borja','057',1,8),
(261,'San Francisco de Conchos','058',1,8),
(262,'San Francisco del Oro','059',1,8),
(263,'Santa Bárbara','060',1,8),
(264,'Satevó','061',1,8),
(265,'Saucillo','062',1,8),
(266,'Temósachic','063',1,8),
(267,'El Tule','064',1,8),
(268,'Urique','065',1,8),
(269,'Uruachi','066',1,8),
(270,'Valle de Zaragoza','067',1,8),
(271,'Azcapotzalco','002',1,9),
(272,'Coyoacán','003',1,9),
(273,'Cuajimalpa de Morelos','004',1,9),
(274,'Gustavo A. Madero','005',1,9),
(275,'Iztacalco','006',1,9),
(276,'Iztapalapa','007',1,9),
(277,'La Magdalena Contreras','008',1,9),
(278,'Milpa Alta','009',1,9),
(279,'Álvaro Obregón','010',1,9),
(280,'Tláhuac','011',1,9),
(281,'Tlalpan','012',1,9),
(282,'Xochimilco','013',1,9),
(283,'Benito Juárez','014',1,9),
(284,'Cuauhtémoc','015',1,9),
(285,'Miguel Hidalgo','016',1,9),
(286,'Venustiano Carranza','017',1,9),
(287,'Canatlán','001',1,10),
(288,'Canelas','002',1,10),
(289,'Coneto de Comonfort','003',1,10),
(290,'Cuencamé','004',1,10),
(291,'Durango','005',1,10),
(292,'General Simón Bolívar','006',1,10),
(293,'Gómez Palacio','007',1,10),
(294,'Guadalupe Victoria','008',1,10),
(295,'Guanaceví','009',1,10),
(296,'Hidalgo','010',1,10),
(297,'Indé','011',1,10),
(298,'Lerdo','012',1,10),
(299,'Mapimí','013',1,10),
(300,'Mezquital','014',1,10),
(301,'Nazas','015',1,10),
(302,'Nombre de Dios','016',1,10),
(303,'Ocampo','017',1,10),
(304,'El Oro','018',1,10),
(305,'Otáez','019',1,10),
(306,'Pánuco de Coronado','020',1,10),
(307,'Peñón Blanco','021',1,10),
(308,'Poanas','022',1,10),
(309,'Pueblo Nuevo','023',1,10),
(310,'Rodeo','024',1,10),
(311,'San Bernardo','025',1,10),
(312,'San Dimas','026',1,10),
(313,'San Juan de Guadalupe','027',1,10),
(314,'San Juan del Río','028',1,10),
(315,'San Luis del Cordero','029',1,10),
(316,'San Pedro del Gallo','030',1,10),
(317,'Santa Clara','031',1,10),
(318,'Santiago Papasquiaro','032',1,10),
(319,'Súchil','033',1,10),
(320,'Tamazula','034',1,10),
(321,'Tepehuanes','035',1,10),
(322,'Tlahualilo','036',1,10),
(323,'Topia','037',1,10),
(324,'Vicente Guerrero','038',1,10),
(325,'Nuevo Ideal','039',1,10),
(326,'Abasolo','001',1,11),
(327,'Acámbaro','002',1,11),
(328,'San Miguel de Allende','003',1,11),
(329,'Apaseo el Alto','004',1,11),
(330,'Apaseo el Grande','005',1,11),
(331,'Atarjea','006',1,11),
(332,'Celaya','007',1,11),
(333,'Manuel Doblado','008',1,11),
(334,'Comonfort','009',1,11),
(335,'Coroneo','010',1,11),
(336,'Cortazar','011',1,11),
(337,'Cuerámaro','012',1,11),
(338,'Doctor Mora','013',1,11),
(339,'Dolores Hidalgo Cuna de la Independencia Naci','014',1,11),
(340,'Guanajuato','015',1,11),
(341,'Huanímaro','016',1,11),
(342,'Irapuato','017',1,11),
(343,'Jaral del Progreso','018',1,11),
(344,'Jerécuaro','019',1,11),
(345,'León','020',1,11),
(346,'Moroleón','021',1,11),
(347,'Ocampo','022',1,11),
(348,'Pénjamo','023',1,11),
(349,'Pueblo Nuevo','024',1,11),
(350,'Purísima del Rincón','025',1,11),
(351,'Romita','026',1,11),
(352,'Salamanca','027',1,11),
(353,'Salvatierra','028',1,11),
(354,'San Diego de la Unión','029',1,11),
(355,'San Felipe','030',1,11),
(356,'San Francisco del Rincón','031',1,11),
(357,'San José Iturbide','032',1,11),
(358,'San Luis de la Paz','033',1,11),
(359,'Santa Catarina','034',1,11),
(360,'Santa Cruz de Juventino Rosas','035',1,11),
(361,'Santiago Maravatío','036',1,11),
(362,'Silao de la Victoria','037',1,11),
(363,'Tarandacuao','038',1,11),
(364,'Tarimoro','039',1,11),
(365,'Tierra Blanca','040',1,11),
(366,'Uriangato','041',1,11),
(367,'Valle de Santiago','042',1,11),
(368,'Victoria','043',1,11),
(369,'Villagrán','044',1,11),
(370,'Xichú','045',1,11),
(371,'Yuriria','046',1,11),
(372,'Acapulco de Juárez','001',1,12),
(373,'Ahuacuotzingo','002',1,12),
(374,'Ajuchitlán del Progreso','003',1,12),
(375,'Alcozauca de Guerrero','004',1,12),
(376,'Alpoyeca','005',1,12),
(377,'Apaxtla','006',1,12),
(378,'Arcelia','007',1,12),
(379,'Atenango del Río','008',1,12),
(380,'Atlamajalcingo del Monte','009',1,12),
(381,'Atlixtac','010',1,12),
(382,'Atoyac de Álvarez','011',1,12),
(383,'Ayutla de los Libres','012',1,12),
(384,'Azoyú','013',1,12),
(385,'Benito Juárez','014',1,12),
(386,'Buenavista de Cuéllar','015',1,12),
(387,'Coahuayutla de José María Izazaga','016',1,12),
(388,'Cocula','017',1,12),
(389,'Copala','018',1,12),
(390,'Copalillo','019',1,12),
(391,'Copanatoyac','020',1,12),
(392,'Coyuca de Benítez','021',1,12),
(393,'Coyuca de Catalán','022',1,12),
(394,'Cuajinicuilapa','023',1,12),
(395,'Cualác','024',1,12),
(396,'Cuautepec','025',1,12),
(397,'Cuetzala del Progreso','026',1,12),
(398,'Cutzamala de Pinzón','027',1,12),
(399,'Chilapa de Álvarez','028',1,12),
(400,'Chilpancingo de los Bravo','029',1,12),
(401,'Florencio Villarreal','030',1,12),
(402,'General Canuto A. Neri','031',1,12),
(403,'General Heliodoro Castillo','032',1,12),
(404,'Huamuxtitlán','033',1,12),
(405,'Huitzuco de los Figueroa','034',1,12),
(406,'Iguala de la Independencia','035',1,12),
(407,'Igualapa','036',1,12),
(408,'Ixcateopan de Cuauhtémoc','037',1,12),
(409,'Zihuatanejo de Azueta','038',1,12),
(410,'Juan R. Escudero','039',1,12),
(411,'Leonardo Bravo','040',1,12),
(412,'Malinaltepec','041',1,12),
(413,'Mártir de Cuilapan','042',1,12),
(414,'Metlatónoc','043',1,12),
(415,'Mochitlán','044',1,12),
(416,'Olinalá','045',1,12),
(417,'Ometepec','046',1,12),
(418,'Pedro Ascencio Alquisiras','047',1,12),
(419,'Petatlán','048',1,12),
(420,'Pilcaya','049',1,12),
(421,'Pungarabato','050',1,12),
(422,'Quechultenango','051',1,12),
(423,'San Luis Acatlán','052',1,12),
(424,'San Marcos','053',1,12),
(425,'San Miguel Totolapan','054',1,12),
(426,'Taxco de Alarcón','055',1,12),
(427,'Tecoanapa','056',1,12),
(428,'Técpan de Galeana','057',1,12),
(429,'Teloloapan','058',1,12),
(430,'Tepecoacuilco de Trujano','059',1,12),
(431,'Tetipac','060',1,12),
(432,'Tixtla de Guerrero','061',1,12),
(433,'Tlacoachistlahuaca','062',1,12),
(434,'Tlacoapa','063',1,12),
(435,'Tlalchapa','064',1,12),
(436,'Tlalixtaquilla de Maldonado','065',1,12),
(437,'Tlapa de Comonfort','066',1,12),
(438,'Tlapehuala','067',1,12),
(439,'La Unión de Isidoro Montes de Oca','068',1,12),
(440,'Xalpatláhuac','069',1,12),
(441,'Xochihuehuetlán','070',1,12),
(442,'Xochistlahuaca','071',1,12),
(443,'Zapotitlán Tablas','072',1,12),
(444,'Zirándaro','073',1,12),
(445,'Zitlala','074',1,12),
(446,'Eduardo Neri','075',1,12),
(447,'Acatepec','076',1,12),
(448,'Marquelia','077',1,12),
(449,'Cochoapa el Grande','078',1,12),
(450,'José Joaquín de Herrera','079',1,12),
(451,'Juchitán','080',1,12),
(452,'Iliatenco','081',1,12),
(453,'Acatlán','001',1,13),
(454,'Acaxochitlán','002',1,13),
(455,'Actopan','003',1,13),
(456,'Agua Blanca de Iturbide','004',1,13),
(457,'Ajacuba','005',1,13),
(458,'Alfajayucan','006',1,13),
(459,'Almoloya','007',1,13),
(460,'Apan','008',1,13),
(461,'El Arenal','009',1,13),
(462,'Atitalaquia','010',1,13),
(463,'Atlapexco','011',1,13),
(464,'Atotonilco el Grande','012',1,13),
(465,'Atotonilco de Tula','013',1,13),
(466,'Calnali','014',1,13),
(467,'Cardonal','015',1,13),
(468,'Cuautepec de Hinojosa','016',1,13),
(469,'Chapantongo','017',1,13),
(470,'Chapulhuacán','018',1,13),
(471,'Chilcuautla','019',1,13),
(472,'Eloxochitlán','020',1,13),
(473,'Emiliano Zapata','021',1,13),
(474,'Epazoyucan','022',1,13),
(475,'Francisco I. Madero','023',1,13),
(476,'Huasca de Ocampo','024',1,13),
(477,'Huautla','025',1,13),
(478,'Huazalingo','026',1,13),
(479,'Huehuetla','027',1,13),
(480,'Huejutla de Reyes','028',1,13),
(481,'Huichapan','029',1,13),
(482,'Ixmiquilpan','030',1,13),
(483,'Jacala de Ledezma','031',1,13),
(484,'Jaltocán','032',1,13),
(485,'Juárez Hidalgo','033',1,13),
(486,'Lolotla','034',1,13),
(487,'Metepec','035',1,13),
(488,'San Agustín Metzquititlán','036',1,13),
(489,'Metztitlán','037',1,13),
(490,'Mineral del Chico','038',1,13),
(491,'Mineral del Monte','039',1,13),
(492,'La Misión','040',1,13),
(493,'Mixquiahuala de Juárez','041',1,13),
(494,'Molango de Escamilla','042',1,13),
(495,'Nicolás Flores','043',1,13),
(496,'Nopala de Villagrán','044',1,13),
(497,'Omitlán de Juárez','045',1,13),
(498,'San Felipe Orizatlán','046',1,13),
(499,'Pacula','047',1,13),
(500,'Pachuca de Soto','048',1,13),
(501,'Pisaflores','049',1,13),
(502,'Progreso de Obregón','050',1,13),
(503,'Mineral de la Reforma','051',1,13),
(504,'San Agustín Tlaxiaca','052',1,13),
(505,'San Bartolo Tutotepec','053',1,13),
(506,'San Salvador','054',1,13),
(507,'Santiago de Anaya','055',1,13),
(508,'Santiago Tulantepec de Lugo Guerrero','056',1,13),
(509,'Singuilucan','057',1,13),
(510,'Tasquillo','058',1,13),
(511,'Tecozautla','059',1,13),
(512,'Tenango de Doria','060',1,13),
(513,'Tepeapulco','061',1,13),
(514,'Tepehuacán de Guerrero','062',1,13),
(515,'Tepeji del Río de Ocampo','063',1,13),
(516,'Tepetitlán','064',1,13),
(517,'Tetepango','065',1,13),
(518,'Villa de Tezontepec','066',1,13),
(519,'Tezontepec de Aldama','067',1,13),
(520,'Tianguistengo','068',1,13),
(521,'Tizayuca','069',1,13),
(522,'Tlahuelilpan','070',1,13),
(523,'Tlahuiltepa','071',1,13),
(524,'Tlanalapa','072',1,13),
(525,'Tlanchinol','073',1,13),
(526,'Tlaxcoapan','074',1,13),
(527,'Tolcayuca','075',1,13),
(528,'Tula de Allende','076',1,13),
(529,'Tulancingo de Bravo','077',1,13),
(530,'Xochiatipan','078',1,13),
(531,'Xochicoatlán','079',1,13),
(532,'Yahualica','080',1,13),
(533,'Zacualtipán de Ángeles','081',1,13),
(534,'Zapotlán de Juárez','082',1,13),
(535,'Zempoala','083',1,13),
(536,'Zimapán','084',1,13),
(537,'Acatic','001',1,14),
(538,'Acatlán de Juárez','002',1,14),
(539,'Ahualulco de Mercado','003',1,14),
(540,'Amacueca','004',1,14),
(541,'Amatitán','005',1,14),
(542,'Ameca','006',1,14),
(543,'San Juanito de Escobedo','007',1,14),
(544,'Arandas','008',1,14),
(545,'El Arenal','009',1,14),
(546,'Atemajac de Brizuela','010',1,14),
(547,'Atengo','011',1,14),
(548,'Atenguillo','012',1,14),
(549,'Atotonilco el Alto','013',1,14),
(550,'Atoyac','014',1,14),
(551,'Autlán de Navarro','015',1,14),
(552,'Ayotlán','016',1,14),
(553,'Ayutla','017',1,14),
(554,'La Barca','018',1,14),
(555,'Bolaños','019',1,14),
(556,'Cabo Corrientes','020',1,14),
(557,'Casimiro Castillo','021',1,14),
(558,'Cihuatlán','022',1,14),
(559,'Zapotlán el Grande','023',1,14),
(560,'Cocula','024',1,14),
(561,'Colotlán','025',1,14),
(562,'Concepción de Buenos Aires','026',1,14),
(563,'Cuautitlán de García Barragán','027',1,14),
(564,'Cuautla','028',1,14),
(565,'Cuquío','029',1,14),
(566,'Chapala','030',1,14),
(567,'Chimaltitán','031',1,14),
(568,'Chiquilistlán','032',1,14),
(569,'Degollado','033',1,14),
(570,'Ejutla','034',1,14),
(571,'Encarnación de Díaz','035',1,14),
(572,'Etzatlán','036',1,14),
(573,'El Grullo','037',1,14),
(574,'Guachinango','038',1,14),
(575,'Guadalajara','039',1,14),
(576,'Hostotipaquillo','040',1,14),
(577,'Huejúcar','041',1,14),
(578,'Huejuquilla el Alto','042',1,14),
(579,'La Huerta','043',1,14),
(580,'Ixtlahuacán de los Membrillos','044',1,14),
(581,'Ixtlahuacán del Río','045',1,14),
(582,'Jalostotitlán','046',1,14),
(583,'Jamay','047',1,14),
(584,'Jesús María','048',1,14),
(585,'Jilotlán de los Dolores','049',1,14),
(586,'Jocotepec','050',1,14),
(587,'Juanacatlán','051',1,14),
(588,'Juchitlán','052',1,14),
(589,'Lagos de Moreno','053',1,14),
(590,'El Limón','054',1,14),
(591,'Magdalena','055',1,14),
(592,'Santa María del Oro','056',1,14),
(593,'La Manzanilla de la Paz','057',1,14),
(594,'Mascota','058',1,14),
(595,'Mazamitla','059',1,14),
(596,'Mexticacán','060',1,14),
(597,'Mezquitic','061',1,14),
(598,'Mixtlán','062',1,14),
(599,'Ocotlán','063',1,14),
(600,'Ojuelos de Jalisco','064',1,14),
(601,'Pihuamo','065',1,14),
(602,'Poncitlán','066',1,14),
(603,'Puerto Vallarta','067',1,14),
(604,'Villa Purificación','068',1,14),
(605,'Quitupan','069',1,14),
(606,'El Salto','070',1,14),
(607,'San Cristóbal de la Barranca','071',1,14),
(608,'San Diego de Alejandría','072',1,14),
(609,'San Juan de los Lagos','073',1,14),
(610,'San Julián','074',1,14),
(611,'San Marcos','075',1,14),
(612,'San Martín de Bolaños','076',1,14),
(613,'San Martín Hidalgo','077',1,14),
(614,'San Miguel el Alto','078',1,14),
(615,'Gómez Farías','079',1,14),
(616,'San Sebastián del Oeste','080',1,14),
(617,'Santa María de los Ángeles','081',1,14),
(618,'Sayula','082',1,14),
(619,'Tala','083',1,14),
(620,'Talpa de Allende','084',1,14),
(621,'Tamazula de Gordiano','085',1,14),
(622,'Tapalpa','086',1,14),
(623,'Tecalitlán','087',1,14),
(624,'Tecolotlán','088',1,14),
(625,'Techaluta de Montenegro','089',1,14),
(626,'Tenamaxtlán','090',1,14),
(627,'Teocaltiche','091',1,14),
(628,'Teocuitatlán de Corona','092',1,14),
(629,'Tepatitlán de Morelos','093',1,14),
(630,'Tequila','094',1,14),
(631,'Teuchitlán','095',1,14),
(632,'Tizapán el Alto','096',1,14),
(633,'Tlajomulco de Zúñiga','097',1,14),
(634,'San Pedro Tlaquepaque','098',1,14),
(635,'Tolimán','099',1,14),
(636,'Tomatlán','100',1,14),
(637,'Tonalá','101',1,14),
(638,'Tonaya','102',1,14),
(639,'Tonila','103',1,14),
(640,'Totatiche','104',1,14),
(641,'Tototlán','105',1,14),
(642,'Tuxcacuesco','106',1,14),
(643,'Tuxcueca','107',1,14),
(644,'Tuxpan','108',1,14),
(645,'Unión de San Antonio','109',1,14),
(646,'Unión de Tula','110',1,14),
(647,'Valle de Guadalupe','111',1,14),
(648,'Valle de Juárez','112',1,14),
(649,'San Gabriel','113',1,14),
(650,'Villa Corona','114',1,14),
(651,'Villa Guerrero','115',1,14),
(652,'Villa Hidalgo','116',1,14),
(653,'Cañadas de Obregón','117',1,14),
(654,'Yahualica de González Gallo','118',1,14),
(655,'Zacoalco de Torres','119',1,14),
(656,'Zapopan','120',1,14),
(657,'Zapotiltic','121',1,14),
(658,'Zapotitlán de Vadillo','122',1,14),
(659,'Zapotlán del Rey','123',1,14),
(660,'Zapotlanejo','124',1,14),
(661,'San Ignacio Cerro Gordo','125',1,14),
(662,'Acambay de Ruíz Castañeda','001',1,15),
(663,'Acolman','002',1,15),
(664,'Aculco','003',1,15),
(665,'Almoloya de Alquisiras','004',1,15),
(666,'Almoloya de Juárez','005',1,15),
(667,'Almoloya del Río','006',1,15),
(668,'Amanalco','007',1,15),
(669,'Amatepec','008',1,15),
(670,'Amecameca','009',1,15),
(671,'Apaxco','010',1,15),
(672,'Atenco','011',1,15),
(673,'Atizapán','012',1,15),
(674,'Atizapán de Zaragoza','013',1,15),
(675,'Atlacomulco','014',1,15),
(676,'Atlautla','015',1,15),
(677,'Axapusco','016',1,15),
(678,'Ayapango','017',1,15),
(679,'Calimaya','018',1,15),
(680,'Capulhuac','019',1,15),
(681,'Coacalco de Berriozábal','020',1,15),
(682,'Coatepec Harinas','021',1,15),
(683,'Cocotitlán','022',1,15),
(684,'Coyotepec','023',1,15),
(685,'Cuautitlán','024',1,15),
(686,'Chalco','025',1,15),
(687,'Chapa de Mota','026',1,15),
(688,'Chapultepec','027',1,15),
(689,'Chiautla','028',1,15),
(690,'Chicoloapan','029',1,15),
(691,'Chiconcuac','030',1,15),
(692,'Chimalhuacán','031',1,15),
(693,'Donato Guerra','032',1,15),
(694,'Ecatepec de Morelos','033',1,15),
(695,'Ecatzingo','034',1,15),
(696,'Huehuetoca','035',1,15),
(697,'Hueypoxtla','036',1,15),
(698,'Huixquilucan','037',1,15),
(699,'Isidro Fabela','038',1,15),
(700,'Ixtapaluca','039',1,15),
(701,'Ixtapan de la Sal','040',1,15),
(702,'Ixtapan del Oro','041',1,15),
(703,'Ixtlahuaca','042',1,15),
(704,'Xalatlaco','043',1,15),
(705,'Jaltenco','044',1,15),
(706,'Jilotepec','045',1,15),
(707,'Jilotzingo','046',1,15),
(708,'Jiquipilco','047',1,15),
(709,'Jocotitlán','048',1,15),
(710,'Joquicingo','049',1,15),
(711,'Juchitepec','050',1,15),
(712,'Lerma','051',1,15),
(713,'Malinalco','052',1,15),
(714,'Melchor Ocampo','053',1,15),
(715,'Metepec','054',1,15),
(716,'Mexicaltzingo','055',1,15),
(717,'Morelos','056',1,15),
(718,'Naucalpan de Juárez','057',1,15),
(719,'Nezahualcóyotl','058',1,15),
(720,'Nextlalpan','059',1,15),
(721,'Nicolás Romero','060',1,15),
(722,'Nopaltepec','061',1,15),
(723,'Ocoyoacac','062',1,15),
(724,'Ocuilan','063',1,15),
(725,'El Oro','064',1,15),
(726,'Otumba','065',1,15),
(727,'Otzoloapan','066',1,15),
(728,'Otzolotepec','067',1,15),
(729,'Ozumba','068',1,15),
(730,'Papalotla','069',1,15),
(731,'La Paz','070',1,15),
(732,'Polotitlán','071',1,15),
(733,'Rayón','072',1,15),
(734,'San Antonio la Isla','073',1,15),
(735,'San Felipe del Progreso','074',1,15),
(736,'San Martín de las Pirámides','075',1,15),
(737,'San Mateo Atenco','076',1,15),
(738,'San Simón de Guerrero','077',1,15),
(739,'Santo Tomás','078',1,15),
(740,'Soyaniquilpan de Juárez','079',1,15),
(741,'Sultepec','080',1,15),
(742,'Tecámac','081',1,15),
(743,'Tejupilco','082',1,15),
(744,'Temamatla','083',1,15),
(745,'Temascalapa','084',1,15),
(746,'Temascalcingo','085',1,15),
(747,'Temascaltepec','086',1,15),
(748,'Temoaya','087',1,15),
(749,'Tenancingo','088',1,15),
(750,'Tenango del Aire','089',1,15),
(751,'Tenango del Valle','090',1,15),
(752,'Teoloyucan','091',1,15),
(753,'Teotihuacán','092',1,15),
(754,'Tepetlaoxtoc','093',1,15),
(755,'Tepetlixpa','094',1,15),
(756,'Tepotzotlán','095',1,15),
(757,'Tequixquiac','096',1,15),
(758,'Texcaltitlán','097',1,15),
(759,'Texcalyacac','098',1,15),
(760,'Texcoco','099',1,15),
(761,'Tezoyuca','100',1,15),
(762,'Tianguistenco','101',1,15),
(763,'Timilpan','102',1,15),
(764,'Tlalmanalco','103',1,15),
(765,'Tlalnepantla de Baz','104',1,15),
(766,'Tlatlaya','105',1,15),
(767,'Toluca','106',1,15),
(768,'Tonatico','107',1,15),
(769,'Tultepec','108',1,15),
(770,'Tultitlán','109',1,15),
(771,'Valle de Bravo','110',1,15),
(772,'Villa de Allende','111',1,15),
(773,'Villa del Carbón','112',1,15),
(774,'Villa Guerrero','113',1,15),
(775,'Villa Victoria','114',1,15),
(776,'Xonacatlán','115',1,15),
(777,'Zacazonapan','116',1,15),
(778,'Zacualpan','117',1,15),
(779,'Zinacantepec','118',1,15),
(780,'Zumpahuacán','119',1,15),
(781,'Zumpango','120',1,15),
(782,'Cuautitlán Izcalli','121',1,15),
(783,'Valle de Chalco Solidaridad','122',1,15),
(784,'Luvianos','123',1,15),
(785,'San José del Rincón','124',1,15),
(786,'Tonanitla','125',1,15),
(787,'Acuitzio','001',1,16),
(788,'Aguililla','002',1,16),
(789,'Álvaro Obregón','003',1,16),
(790,'Angamacutiro','004',1,16),
(791,'Angangueo','005',1,16),
(792,'Apatzingán','006',1,16),
(793,'Aporo','007',1,16),
(794,'Aquila','008',1,16),
(795,'Ario','009',1,16),
(796,'Arteaga','010',1,16),
(797,'Briseñas','011',1,16),
(798,'Buenavista','012',1,16),
(799,'Carácuaro','013',1,16),
(800,'Coahuayana','014',1,16),
(801,'Coalcomán de Vázquez Pallares','015',1,16),
(802,'Coeneo','016',1,16),
(803,'Contepec','017',1,16),
(804,'Copándaro','018',1,16),
(805,'Cotija','019',1,16),
(806,'Cuitzeo','020',1,16),
(807,'Charapan','021',1,16),
(808,'Charo','022',1,16),
(809,'Chavinda','023',1,16),
(810,'Cherán','024',1,16),
(811,'Chilchota','025',1,16),
(812,'Chinicuila','026',1,16),
(813,'Chucándiro','027',1,16),
(814,'Churintzio','028',1,16),
(815,'Churumuco','029',1,16),
(816,'Ecuandureo','030',1,16),
(817,'Epitacio Huerta','031',1,16),
(818,'Erongarícuaro','032',1,16),
(819,'Gabriel Zamora','033',1,16),
(820,'Hidalgo','034',1,16),
(821,'La Huacana','035',1,16),
(822,'Huandacareo','036',1,16),
(823,'Huaniqueo','037',1,16),
(824,'Huetamo','038',1,16),
(825,'Huiramba','039',1,16),
(826,'Indaparapeo','040',1,16),
(827,'Irimbo','041',1,16),
(828,'Ixtlán','042',1,16),
(829,'Jacona','043',1,16),
(830,'Jiménez','044',1,16),
(831,'Jiquilpan','045',1,16),
(832,'Juárez','046',1,16),
(833,'Jungapeo','047',1,16),
(834,'Lagunillas','048',1,16),
(835,'Madero','049',1,16),
(836,'Maravatío','050',1,16),
(837,'Marcos Castellanos','051',1,16),
(838,'Lázaro Cárdenas','052',1,16),
(839,'Morelia','053',1,16),
(840,'Morelos','054',1,16),
(841,'Múgica','055',1,16),
(842,'Nahuatzen','056',1,16),
(843,'Nocupétaro','057',1,16),
(844,'Nuevo Parangaricutiro','058',1,16),
(845,'Nuevo Urecho','059',1,16),
(846,'Numarán','060',1,16),
(847,'Ocampo','061',1,16),
(848,'Pajacuarán','062',1,16),
(849,'Panindícuaro','063',1,16),
(850,'Parácuaro','064',1,16),
(851,'Paracho','065',1,16),
(852,'Pátzcuaro','066',1,16),
(853,'Penjamillo','067',1,16),
(854,'Peribán','068',1,16),
(855,'La Piedad','069',1,16),
(856,'Purépero','070',1,16),
(857,'Puruándiro','071',1,16),
(858,'Queréndaro','072',1,16),
(859,'Quiroga','073',1,16),
(860,'Cojumatlán de Régules','074',1,16),
(861,'Los Reyes','075',1,16),
(862,'Sahuayo','076',1,16),
(863,'San Lucas','077',1,16),
(864,'Santa Ana Maya','078',1,16),
(865,'Salvador Escalante','079',1,16),
(866,'Senguio','080',1,16),
(867,'Susupuato','081',1,16),
(868,'Tacámbaro','082',1,16),
(869,'Tancítaro','083',1,16),
(870,'Tangamandapio','084',1,16),
(871,'Tangancícuaro','085',1,16),
(872,'Tanhuato','086',1,16),
(873,'Taretan','087',1,16),
(874,'Tarímbaro','088',1,16),
(875,'Tepalcatepec','089',1,16),
(876,'Tingambato','090',1,16),
(877,'Tingüindín','091',1,16),
(878,'Tiquicheo de Nicolás Romero','092',1,16),
(879,'Tlalpujahua','093',1,16),
(880,'Tlazazalca','094',1,16),
(881,'Tocumbo','095',1,16),
(882,'Tumbiscatío','096',1,16),
(883,'Turicato','097',1,16),
(884,'Tuxpan','098',1,16),
(885,'Tuzantla','099',1,16),
(886,'Tzintzuntzan','100',1,16),
(887,'Tzitzio','101',1,16),
(888,'Uruapan','102',1,16),
(889,'Venustiano Carranza','103',1,16),
(890,'Villamar','104',1,16),
(891,'Vista Hermosa','105',1,16),
(892,'Yurécuaro','106',1,16),
(893,'Zacapu','107',1,16),
(894,'Zamora','108',1,16),
(895,'Zináparo','109',1,16),
(896,'Zinapécuaro','110',1,16),
(897,'Ziracuaretiro','111',1,16),
(898,'Zitácuaro','112',1,16),
(899,'José Sixto Verduzco','113',1,16),
(900,'Amacuzac','001',1,17),
(901,'Atlatlahucan','002',1,17),
(902,'Axochiapan','003',1,17),
(903,'Ayala','004',1,17),
(904,'Coatlán del Río','005',1,17),
(905,'Cuautla','006',1,17),
(906,'Cuernavaca','007',1,17),
(907,'Emiliano Zapata','008',1,17),
(908,'Huitzilac','009',1,17),
(909,'Jantetelco','010',1,17),
(910,'Jiutepec','011',1,17),
(911,'Jojutla','012',1,17),
(912,'Jonacatepec de Leandro Valle','013',1,17),
(913,'Mazatepec','014',1,17),
(914,'Miacatlán','015',1,17),
(915,'Ocuituco','016',1,17),
(916,'Puente de Ixtla','017',1,17),
(917,'Temixco','018',1,17),
(918,'Tepalcingo','019',1,17),
(919,'Tepoztlán','020',1,17),
(920,'Tetecala','021',1,17),
(921,'Tetela del Volcán','022',1,17),
(922,'Tlalnepantla','023',1,17),
(923,'Tlaltizapán de Zapata','024',1,17),
(924,'Tlaquiltenango','025',1,17),
(925,'Tlayacapan','026',1,17),
(926,'Totolapan','027',1,17),
(927,'Xochitepec','028',1,17),
(928,'Yautepec','029',1,17),
(929,'Yecapixtla','030',1,17),
(930,'Zacatepec','031',1,17),
(931,'Zacualpan de Amilpas','032',1,17),
(932,'Temoac','033',1,17),
(933,'Acaponeta','001',1,18),
(934,'Ahuacatlán','002',1,18),
(935,'Amatlán de Cañas','003',1,18),
(936,'Compostela','004',1,18),
(937,'Huajicori','005',1,18),
(938,'Ixtlán del Río','006',1,18),
(939,'Jala','007',1,18),
(940,'Xalisco','008',1,18),
(941,'Del Nayar','009',1,18),
(942,'Rosamorada','010',1,18),
(943,'Ruíz','011',1,18),
(944,'San Blas','012',1,18),
(945,'San Pedro Lagunillas','013',1,18),
(946,'Santa María del Oro','014',1,18),
(947,'Santiago Ixcuintla','015',1,18),
(948,'Tecuala','016',1,18),
(949,'Tepic','017',1,18),
(950,'Tuxpan','018',1,18),
(951,'La Yesca','019',1,18),
(952,'Bahía de Banderas','020',1,18),
(953,'Abasolo','001',1,19),
(954,'Agualeguas','002',1,19),
(955,'Los Aldamas','003',1,19),
(956,'Allende','004',1,19),
(957,'Anáhuac','005',1,19),
(958,'Apodaca','006',1,19),
(959,'Aramberri','007',1,19),
(960,'Bustamante','008',1,19),
(961,'Cadereyta Jiménez','009',1,19),
(962,'El Carmen','010',1,19),
(963,'Cerralvo','011',1,19),
(964,'Ciénega de Flores','012',1,19),
(965,'China','013',1,19),
(966,'Doctor Arroyo','014',1,19),
(967,'Doctor Coss','015',1,19),
(968,'Doctor González','016',1,19),
(969,'Galeana','017',1,19),
(970,'García','018',1,19),
(971,'San Pedro Garza García','019',1,19),
(972,'General Bravo','020',1,19),
(973,'General Escobedo','021',1,19),
(974,'General Terán','022',1,19),
(975,'General Treviño','023',1,19),
(976,'General Zaragoza','024',1,19),
(977,'General Zuazua','025',1,19),
(978,'Guadalupe','026',1,19),
(979,'Los Herreras','027',1,19),
(980,'Higueras','028',1,19),
(981,'Hualahuises','029',1,19),
(982,'Iturbide','030',1,19),
(983,'Juárez','031',1,19),
(984,'Lampazos de Naranjo','032',1,19),
(985,'Linares','033',1,19),
(986,'Marín','034',1,19),
(987,'Melchor Ocampo','035',1,19),
(988,'Mier y Noriega','036',1,19),
(989,'Mina','037',1,19),
(990,'Montemorelos','038',1,19),
(991,'Monterrey','039',1,19),
(992,'Parás','040',1,19),
(993,'Pesquería','041',1,19),
(994,'Los Ramones','042',1,19),
(995,'Rayones','043',1,19),
(996,'Sabinas Hidalgo','044',1,19),
(997,'Salinas Victoria','045',1,19),
(998,'San Nicolás de los Garza','046',1,19),
(999,'Hidalgo','047',1,19),
(1000,'Santa Catarina','048',1,19),
(1001,'Santiago','049',1,19),
(1002,'Vallecillo','050',1,19),
(1003,'Villaldama','051',1,19),
(1004,'Abejones','001',1,20),
(1005,'Acatlán de Pérez Figueroa','002',1,20),
(1006,'Asunción Cacalotepec','003',1,20),
(1007,'Asunción Cuyotepeji','004',1,20),
(1008,'Asunción Ixtaltepec','005',1,20),
(1009,'Asunción Nochixtlán','006',1,20),
(1010,'Asunción Ocotlán','007',1,20),
(1011,'Asunción Tlacolulita','008',1,20),
(1012,'Ayotzintepec','009',1,20),
(1013,'El Barrio de la Soledad','010',1,20),
(1014,'Calihualá','011',1,20),
(1015,'Candelaria Loxicha','012',1,20),
(1016,'Ciénega de Zimatlán','013',1,20),
(1017,'Ciudad Ixtepec','014',1,20),
(1018,'Coatecas Altas','015',1,20),
(1019,'Coicoyán de las Flores','016',1,20),
(1020,'La Compañía','017',1,20),
(1021,'Concepción Buenavista','018',1,20),
(1022,'Concepción Pápalo','019',1,20),
(1023,'Constancia del Rosario','020',1,20),
(1024,'Cosolapa','021',1,20),
(1025,'Cosoltepec','022',1,20),
(1026,'Cuilápam de Guerrero','023',1,20),
(1027,'Cuyamecalco Villa de Zaragoza','024',1,20),
(1028,'Chahuites','025',1,20),
(1029,'Chalcatongo de Hidalgo','026',1,20),
(1030,'Chiquihuitlán de Benito Juárez','027',1,20),
(1031,'Heroica Ciudad de Ejutla de Crespo','028',1,20),
(1032,'Eloxochitlán de Flores Magón','029',1,20),
(1033,'El Espinal','030',1,20),
(1034,'Tamazulápam del Espíritu Santo','031',1,20),
(1035,'Fresnillo de Trujano','032',1,20),
(1036,'Guadalupe Etla','033',1,20),
(1037,'Guadalupe de Ramírez','034',1,20),
(1038,'Guelatao de Juárez','035',1,20),
(1039,'Guevea de Humboldt','036',1,20),
(1040,'Mesones Hidalgo','037',1,20),
(1041,'Villa Hidalgo','038',1,20),
(1042,'Heroica Ciudad de Huajuapan de León','039',1,20),
(1043,'Huautepec','040',1,20),
(1044,'Huautla de Jiménez','041',1,20),
(1045,'Ixtlán de Juárez','042',1,20),
(1046,'Heroica Ciudad de Juchitán de Zaragoza','043',1,20),
(1047,'Loma Bonita','044',1,20),
(1048,'Magdalena Apasco','045',1,20),
(1049,'Magdalena Jaltepec','046',1,20),
(1050,'Santa Magdalena Jicotlán','047',1,20),
(1051,'Magdalena Mixtepec','048',1,20),
(1052,'Magdalena Ocotlán','049',1,20),
(1053,'Magdalena Peñasco','050',1,20),
(1054,'Magdalena Teitipac','051',1,20),
(1055,'Magdalena Tequisistlán','052',1,20),
(1056,'Magdalena Tlacotepec','053',1,20),
(1057,'Magdalena Zahuatlán','054',1,20),
(1058,'Mariscala de Juárez','055',1,20),
(1059,'Mártires de Tacubaya','056',1,20),
(1060,'Matías Romero Avendaño','057',1,20),
(1061,'Mazatlán Villa de Flores','058',1,20),
(1062,'Miahuatlán de Porfirio Díaz','059',1,20),
(1063,'Mixistlán de la Reforma','060',1,20),
(1064,'Monjas','061',1,20),
(1065,'Natividad','062',1,20),
(1066,'Nazareno Etla','063',1,20),
(1067,'Nejapa de Madero','064',1,20),
(1068,'Ixpantepec Nieves','065',1,20),
(1069,'Santiago Niltepec','066',1,20),
(1070,'Oaxaca de Juárez','067',1,20),
(1071,'Ocotlán de Morelos','068',1,20),
(1072,'La Pe','069',1,20),
(1073,'Pinotepa de Don Luis','070',1,20),
(1074,'Pluma Hidalgo','071',1,20),
(1075,'San José del Progreso','072',1,20),
(1076,'Putla Villa de Guerrero','073',1,20),
(1077,'Santa Catarina Quioquitani','074',1,20),
(1078,'Reforma de Pineda','075',1,20),
(1079,'La Reforma','076',1,20),
(1080,'Reyes Etla','077',1,20),
(1081,'Rojas de Cuauhtémoc','078',1,20),
(1082,'Salina Cruz','079',1,20),
(1083,'San Agustín Amatengo','080',1,20),
(1084,'San Agustín Atenango','081',1,20),
(1085,'San Agustín Chayuco','082',1,20),
(1086,'San Agustín de las Juntas','083',1,20),
(1087,'San Agustín Etla','084',1,20),
(1088,'San Agustín Loxicha','085',1,20),
(1089,'San Agustín Tlacotepec','086',1,20),
(1090,'San Agustín Yatareni','087',1,20),
(1091,'San Andrés Cabecera Nueva','088',1,20),
(1092,'San Andrés Dinicuiti','089',1,20),
(1093,'San Andrés Huaxpaltepec','090',1,20),
(1094,'San Andrés Huayápam','091',1,20),
(1095,'San Andrés Ixtlahuaca','092',1,20),
(1096,'San Andrés Lagunas','093',1,20),
(1097,'San Andrés Nuxiño','094',1,20),
(1098,'San Andrés Paxtlán','095',1,20),
(1099,'San Andrés Sinaxtla','096',1,20),
(1100,'San Andrés Solaga','097',1,20),
(1101,'San Andrés Teotilálpam','098',1,20),
(1102,'San Andrés Tepetlapa','099',1,20),
(1103,'San Andrés Yaá','100',1,20),
(1104,'San Andrés Zabache','101',1,20),
(1105,'San Andrés Zautla','102',1,20),
(1106,'San Antonino Castillo Velasco','103',1,20),
(1107,'San Antonino el Alto','104',1,20),
(1108,'San Antonino Monte Verde','105',1,20),
(1109,'San Antonio Acutla','106',1,20),
(1110,'San Antonio de la Cal','107',1,20),
(1111,'San Antonio Huitepec','108',1,20),
(1112,'San Antonio Nanahuatípam','109',1,20),
(1113,'San Antonio Sinicahua','110',1,20),
(1114,'San Antonio Tepetlapa','111',1,20),
(1115,'San Baltazar Chichicápam','112',1,20),
(1116,'San Baltazar Loxicha','113',1,20),
(1117,'San Baltazar Yatzachi el Bajo','114',1,20),
(1118,'San Bartolo Coyotepec','115',1,20),
(1119,'San Bartolomé Ayautla','116',1,20),
(1120,'San Bartolomé Loxicha','117',1,20),
(1121,'San Bartolomé Quialana','118',1,20),
(1122,'San Bartolomé Yucuañe','119',1,20),
(1123,'San Bartolomé Zoogocho','120',1,20),
(1124,'San Bartolo Soyaltepec','121',1,20),
(1125,'San Bartolo Yautepec','122',1,20),
(1126,'San Bernardo Mixtepec','123',1,20),
(1127,'San Blas Atempa','124',1,20),
(1128,'San Carlos Yautepec','125',1,20),
(1129,'San Cristóbal Amatlán','126',1,20),
(1130,'San Cristóbal Amoltepec','127',1,20),
(1131,'San Cristóbal Lachirioag','128',1,20),
(1132,'San Cristóbal Suchixtlahuaca','129',1,20),
(1133,'San Dionisio del Mar','130',1,20),
(1134,'San Dionisio Ocotepec','131',1,20),
(1135,'San Dionisio Ocotlán','132',1,20),
(1136,'San Esteban Atatlahuca','133',1,20),
(1137,'San Felipe Jalapa de Díaz','134',1,20),
(1138,'San Felipe Tejalápam','135',1,20),
(1139,'San Felipe Usila','136',1,20),
(1140,'San Francisco Cahuacuá','137',1,20),
(1141,'San Francisco Cajonos','138',1,20),
(1142,'San Francisco Chapulapa','139',1,20),
(1143,'San Francisco Chindúa','140',1,20),
(1144,'San Francisco del Mar','141',1,20),
(1145,'San Francisco Huehuetlán','142',1,20),
(1146,'San Francisco Ixhuatán','143',1,20),
(1147,'San Francisco Jaltepetongo','144',1,20),
(1148,'San Francisco Lachigoló','145',1,20),
(1149,'San Francisco Logueche','146',1,20),
(1150,'San Francisco Nuxaño','147',1,20),
(1151,'San Francisco Ozolotepec','148',1,20),
(1152,'San Francisco Sola','149',1,20),
(1153,'San Francisco Telixtlahuaca','150',1,20),
(1154,'San Francisco Teopan','151',1,20),
(1155,'San Francisco Tlapancingo','152',1,20),
(1156,'San Gabriel Mixtepec','153',1,20),
(1157,'San Ildefonso Amatlán','154',1,20),
(1158,'San Ildefonso Sola','155',1,20),
(1159,'San Ildefonso Villa Alta','156',1,20),
(1160,'San Jacinto Amilpas','157',1,20),
(1161,'San Jacinto Tlacotepec','158',1,20),
(1162,'San Jerónimo Coatlán','159',1,20),
(1163,'San Jerónimo Silacayoapilla','160',1,20),
(1164,'San Jerónimo Sosola','161',1,20),
(1165,'San Jerónimo Taviche','162',1,20),
(1166,'San Jerónimo Tecóatl','163',1,20),
(1167,'San Jorge Nuchita','164',1,20),
(1168,'San José Ayuquila','165',1,20),
(1169,'San José Chiltepec','166',1,20),
(1170,'San José del Peñasco','167',1,20),
(1171,'San José Estancia Grande','168',1,20),
(1172,'San José Independencia','169',1,20),
(1173,'San José Lachiguiri','170',1,20),
(1174,'San José Tenango','171',1,20),
(1175,'San Juan Achiutla','172',1,20),
(1176,'San Juan Atepec','173',1,20),
(1177,'Ánimas Trujano','174',1,20),
(1178,'San Juan Bautista Atatlahuca','175',1,20),
(1179,'San Juan Bautista Coixtlahuaca','176',1,20),
(1180,'San Juan Bautista Cuicatlán','177',1,20),
(1181,'San Juan Bautista Guelache','178',1,20),
(1182,'San Juan Bautista Jayacatlán','179',1,20),
(1183,'San Juan Bautista Lo de Soto','180',1,20),
(1184,'San Juan Bautista Suchitepec','181',1,20),
(1185,'San Juan Bautista Tlacoatzintepec','182',1,20),
(1186,'San Juan Bautista Tlachichilco','183',1,20),
(1187,'San Juan Bautista Tuxtepec','184',1,20),
(1188,'San Juan Cacahuatepec','185',1,20),
(1189,'San Juan Cieneguilla','186',1,20),
(1190,'San Juan Coatzóspam','187',1,20),
(1191,'San Juan Colorado','188',1,20),
(1192,'San Juan Comaltepec','189',1,20),
(1193,'San Juan Cotzocón','190',1,20),
(1194,'San Juan Chicomezúchil','191',1,20),
(1195,'San Juan Chilateca','192',1,20),
(1196,'San Juan del Estado','193',1,20),
(1197,'San Juan del Río','194',1,20),
(1198,'San Juan Diuxi','195',1,20),
(1199,'San Juan Evangelista Analco','196',1,20),
(1200,'San Juan Guelavía','197',1,20),
(1201,'San Juan Guichicovi','198',1,20),
(1202,'San Juan Ihualtepec','199',1,20),
(1203,'San Juan Juquila Mixes','200',1,20),
(1204,'San Juan Juquila Vijanos','201',1,20),
(1205,'San Juan Lachao','202',1,20),
(1206,'San Juan Lachigalla','203',1,20),
(1207,'San Juan Lajarcia','204',1,20),
(1208,'San Juan Lalana','205',1,20),
(1209,'San Juan de los Cués','206',1,20),
(1210,'San Juan Mazatlán','207',1,20),
(1211,'San Juan Mixtepec','208',1,20),
(1212,'San Juan Mixtepec','209',1,20),
(1213,'San Juan Ñumí','210',1,20),
(1214,'San Juan Ozolotepec','211',1,20),
(1215,'San Juan Petlapa','212',1,20),
(1216,'San Juan Quiahije','213',1,20),
(1217,'San Juan Quiotepec','214',1,20),
(1218,'San Juan Sayultepec','215',1,20),
(1219,'San Juan Tabaá','216',1,20),
(1220,'San Juan Tamazola','217',1,20),
(1221,'San Juan Teita','218',1,20),
(1222,'San Juan Teitipac','219',1,20),
(1223,'San Juan Tepeuxila','220',1,20),
(1224,'San Juan Teposcolula','221',1,20),
(1225,'San Juan Yaeé','222',1,20),
(1226,'San Juan Yatzona','223',1,20),
(1227,'San Juan Yucuita','224',1,20),
(1228,'San Lorenzo','225',1,20),
(1229,'San Lorenzo Albarradas','226',1,20),
(1230,'San Lorenzo Cacaotepec','227',1,20),
(1231,'San Lorenzo Cuaunecuiltitla','228',1,20),
(1232,'San Lorenzo Texmelúcan','229',1,20),
(1233,'San Lorenzo Victoria','230',1,20),
(1234,'San Lucas Camotlán','231',1,20),
(1235,'San Lucas Ojitlán','232',1,20),
(1236,'San Lucas Quiaviní','233',1,20),
(1237,'San Lucas Zoquiápam','234',1,20),
(1238,'San Luis Amatlán','235',1,20),
(1239,'San Marcial Ozolotepec','236',1,20),
(1240,'San Marcos Arteaga','237',1,20),
(1241,'San Martín de los Cansecos','238',1,20),
(1242,'San Martín Huamelúlpam','239',1,20),
(1243,'San Martín Itunyoso','240',1,20),
(1244,'San Martín Lachilá','241',1,20),
(1245,'San Martín Peras','242',1,20),
(1246,'San Martín Tilcajete','243',1,20),
(1247,'San Martín Toxpalan','244',1,20),
(1248,'San Martín Zacatepec','245',1,20),
(1249,'San Mateo Cajonos','246',1,20),
(1250,'Capulálpam de Méndez','247',1,20),
(1251,'San Mateo del Mar','248',1,20),
(1252,'San Mateo Yoloxochitlán','249',1,20),
(1253,'San Mateo Etlatongo','250',1,20),
(1254,'San Mateo Nejápam','251',1,20),
(1255,'San Mateo Peñasco','252',1,20),
(1256,'San Mateo Piñas','253',1,20),
(1257,'San Mateo Río Hondo','254',1,20),
(1258,'San Mateo Sindihui','255',1,20),
(1259,'San Mateo Tlapiltepec','256',1,20),
(1260,'San Melchor Betaza','257',1,20),
(1261,'San Miguel Achiutla','258',1,20),
(1262,'San Miguel Ahuehuetitlán','259',1,20),
(1263,'San Miguel Aloápam','260',1,20),
(1264,'San Miguel Amatitlán','261',1,20),
(1265,'San Miguel Amatlán','262',1,20),
(1266,'San Miguel Coatlán','263',1,20),
(1267,'San Miguel Chicahua','264',1,20),
(1268,'San Miguel Chimalapa','265',1,20),
(1269,'San Miguel del Puerto','266',1,20),
(1270,'San Miguel del Río','267',1,20),
(1271,'San Miguel Ejutla','268',1,20),
(1272,'San Miguel el Grande','269',1,20),
(1273,'San Miguel Huautla','270',1,20),
(1274,'San Miguel Mixtepec','271',1,20),
(1275,'San Miguel Panixtlahuaca','272',1,20),
(1276,'San Miguel Peras','273',1,20),
(1277,'San Miguel Piedras','274',1,20),
(1278,'San Miguel Quetzaltepec','275',1,20),
(1279,'San Miguel Santa Flor','276',1,20),
(1280,'Villa Sola de Vega','277',1,20),
(1281,'San Miguel Soyaltepec','278',1,20),
(1282,'San Miguel Suchixtepec','279',1,20),
(1283,'Villa Talea de Castro','280',1,20),
(1284,'San Miguel Tecomatlán','281',1,20),
(1285,'San Miguel Tenango','282',1,20),
(1286,'San Miguel Tequixtepec','283',1,20),
(1287,'San Miguel Tilquiápam','284',1,20),
(1288,'San Miguel Tlacamama','285',1,20),
(1289,'San Miguel Tlacotepec','286',1,20),
(1290,'San Miguel Tulancingo','287',1,20),
(1291,'San Miguel Yotao','288',1,20),
(1292,'San Nicolás','289',1,20),
(1293,'San Nicolás Hidalgo','290',1,20),
(1294,'San Pablo Coatlán','291',1,20),
(1295,'San Pablo Cuatro Venados','292',1,20),
(1296,'San Pablo Etla','293',1,20),
(1297,'San Pablo Huitzo','294',1,20),
(1298,'San Pablo Huixtepec','295',1,20),
(1299,'San Pablo Macuiltianguis','296',1,20),
(1300,'San Pablo Tijaltepec','297',1,20),
(1301,'San Pablo Villa de Mitla','298',1,20),
(1302,'San Pablo Yaganiza','299',1,20),
(1303,'San Pedro Amuzgos','300',1,20),
(1304,'San Pedro Apóstol','301',1,20),
(1305,'San Pedro Atoyac','302',1,20),
(1306,'San Pedro Cajonos','303',1,20),
(1307,'San Pedro Coxcaltepec Cántaros','304',1,20),
(1308,'San Pedro Comitancillo','305',1,20),
(1309,'San Pedro el Alto','306',1,20),
(1310,'San Pedro Huamelula','307',1,20),
(1311,'San Pedro Huilotepec','308',1,20),
(1312,'San Pedro Ixcatlán','309',1,20),
(1313,'San Pedro Ixtlahuaca','310',1,20),
(1314,'San Pedro Jaltepetongo','311',1,20),
(1315,'San Pedro Jicayán','312',1,20),
(1316,'San Pedro Jocotipac','313',1,20),
(1317,'San Pedro Juchatengo','314',1,20),
(1318,'San Pedro Mártir','315',1,20),
(1319,'San Pedro Mártir Quiechapa','316',1,20),
(1320,'San Pedro Mártir Yucuxaco','317',1,20),
(1321,'San Pedro Mixtepec','318',1,20),
(1322,'San Pedro Mixtepec','319',1,20),
(1323,'San Pedro Molinos','320',1,20),
(1324,'San Pedro Nopala','321',1,20),
(1325,'San Pedro Ocopetatillo','322',1,20),
(1326,'San Pedro Ocotepec','323',1,20),
(1327,'San Pedro Pochutla','324',1,20),
(1328,'San Pedro Quiatoni','325',1,20),
(1329,'San Pedro Sochiápam','326',1,20),
(1330,'San Pedro Tapanatepec','327',1,20),
(1331,'San Pedro Taviche','328',1,20),
(1332,'San Pedro Teozacoalco','329',1,20),
(1333,'San Pedro Teutila','330',1,20),
(1334,'San Pedro Tidaá','331',1,20),
(1335,'San Pedro Topiltepec','332',1,20),
(1336,'San Pedro Totolápam','333',1,20),
(1337,'Villa de Tututepec','334',1,20),
(1338,'San Pedro Yaneri','335',1,20),
(1339,'San Pedro Yólox','336',1,20),
(1340,'San Pedro y San Pablo Ayutla','337',1,20),
(1341,'Villa de Etla','338',1,20),
(1342,'San Pedro y San Pablo Teposcolula','339',1,20),
(1343,'San Pedro y San Pablo Tequixtepec','340',1,20),
(1344,'San Pedro Yucunama','341',1,20),
(1345,'San Raymundo Jalpan','342',1,20),
(1346,'San Sebastián Abasolo','343',1,20),
(1347,'San Sebastián Coatlán','344',1,20),
(1348,'San Sebastián Ixcapa','345',1,20),
(1349,'San Sebastián Nicananduta','346',1,20),
(1350,'San Sebastián Río Hondo','347',1,20),
(1351,'San Sebastián Tecomaxtlahuaca','348',1,20),
(1352,'San Sebastián Teitipac','349',1,20),
(1353,'San Sebastián Tutla','350',1,20),
(1354,'San Simón Almolongas','351',1,20),
(1355,'San Simón Zahuatlán','352',1,20),
(1356,'Santa Ana','353',1,20),
(1357,'Santa Ana Ateixtlahuaca','354',1,20),
(1358,'Santa Ana Cuauhtémoc','355',1,20),
(1359,'Santa Ana del Valle','356',1,20);

/*Table structure for table `rol_usuarios` */

DROP TABLE IF EXISTS `rol_usuarios`;

CREATE TABLE `rol_usuarios` (
  `id_rol` int(11) NOT NULL AUTO_INCREMENT,
  `rol` varchar(200) COLLATE utf8_spanish_ci NOT NULL,
  `activo` int(11) NOT NULL DEFAULT 1,
  PRIMARY KEY (`id_rol`)
) ENGINE=InnoDB AUTO_INCREMENT=3 DEFAULT CHARSET=utf8 COLLATE=utf8_spanish_ci;

/*Data for the table `rol_usuarios` */

insert  into `rol_usuarios`(`id_rol`,`rol`,`activo`) values 
(1,'Estandar',1),
(2,'Administrador',1);

/*Table structure for table `usuario_perfil` */

DROP TABLE IF EXISTS `usuario_perfil`;

CREATE TABLE `usuario_perfil` (
  `id_usuario_perfil` int(11) NOT NULL AUTO_INCREMENT,
  `nombre_completo` varchar(255) COLLATE utf8_spanish_ci DEFAULT NULL,
  `sexo` varchar(20) COLLATE utf8_spanish_ci DEFAULT NULL,
  `rfc` varchar(13) COLLATE utf8_spanish_ci DEFAULT NULL,
  `telefono` varchar(100) COLLATE utf8_spanish_ci NOT NULL,
  `email` varchar(200) COLLATE utf8_spanish_ci NOT NULL,
  `direccion` varchar(200) COLLATE utf8_spanish_ci NOT NULL,
  `fecha_alta` datetime NOT NULL DEFAULT current_timestamp(),
  `foto` varchar(255) COLLATE utf8_spanish_ci DEFAULT NULL,
  `id_cat_municipio` int(11) NOT NULL,
  PRIMARY KEY (`id_usuario_perfil`),
  KEY `fk_usuario_perfil_cat_municipios1_idx` (`id_cat_municipio`),
  CONSTRAINT `fk_usuario_perfil_cat_municipios1` FOREIGN KEY (`id_cat_municipio`) REFERENCES `cat_municipios` (`id_cat_municipio`) ON DELETE NO ACTION ON UPDATE NO ACTION
) ENGINE=InnoDB AUTO_INCREMENT=10 DEFAULT CHARSET=utf8 COLLATE=utf8_spanish_ci;

/*Data for the table `usuario_perfil` */

insert  into `usuario_perfil`(`id_usuario_perfil`,`nombre_completo`,`sexo`,`rfc`,`telefono`,`email`,`direccion`,`fecha_alta`,`foto`,`id_cat_municipio`) values 
(3,'Fernanda Lopez Balcazar','Mujer','LOBF930917UR3','96144441144','griselopezb@hotmail.com','2a norte poniente','2019-11-28 17:36:09',NULL,1),
(7,'Grisel Lopez Balcazar','Mujer',NULL,'(897) 987-9879','griselopezb@hotmail.com','erwqrwr','2019-11-29 00:16:33',NULL,98),
(8,'Lourdes Castillo Lopez','Mujer',NULL,'854111111111','lourdes@hotmail.coim','3a norte poniente','2019-11-29 00:33:23',NULL,920),
(9,'Roberto Lopez','Hombre',NULL,'96511102033','roberto@hotmail.com','3a norte poniente colonia san jose teran','2019-11-29 00:34:21',NULL,285);

/*Table structure for table `usuarios` */

DROP TABLE IF EXISTS `usuarios`;

CREATE TABLE `usuarios` (
  `id_usuario` int(11) NOT NULL AUTO_INCREMENT,
  `username` varchar(200) COLLATE utf8_spanish_ci NOT NULL,
  `password` varchar(200) COLLATE utf8_spanish_ci NOT NULL,
  `fecha_alta` datetime NOT NULL DEFAULT current_timestamp(),
  `activo` int(11) NOT NULL DEFAULT 1,
  `token` varchar(45) COLLATE utf8_spanish_ci DEFAULT NULL,
  `expiracion` timestamp NULL DEFAULT NULL,
  `id_usuario_perfil` int(11) NOT NULL,
  `id_rol` int(11) NOT NULL,
  PRIMARY KEY (`id_usuario`),
  KEY `fk_usuario_usuario_perfil_idx` (`id_usuario_perfil`),
  KEY `fk_usuario_rol_usuario1_idx` (`id_rol`),
  CONSTRAINT `fk_usuario_rol_usuario1` FOREIGN KEY (`id_rol`) REFERENCES `rol_usuarios` (`id_rol`) ON DELETE NO ACTION ON UPDATE NO ACTION,
  CONSTRAINT `fk_usuario_usuario_perfil` FOREIGN KEY (`id_usuario_perfil`) REFERENCES `usuario_perfil` (`id_usuario_perfil`) ON DELETE NO ACTION ON UPDATE NO ACTION
) ENGINE=InnoDB AUTO_INCREMENT=12 DEFAULT CHARSET=utf8 COLLATE=utf8_spanish_ci;

/*Data for the table `usuarios` */

insert  into `usuarios`(`id_usuario`,`username`,`password`,`fecha_alta`,`activo`,`token`,`expiracion`,`id_usuario_perfil`,`id_rol`) values 
(8,'fernanda','123456','2019-11-28 17:39:33',1,'cc4f5d7cf8f6d6d1d58605e3073f0978','2019-11-30 05:16:48',3,2),
(9,'estandar2','123456','2019-11-29 00:16:33',1,'2130721b8893ae91015334158e8af356','2019-11-30 05:14:33',7,1),
(10,'estandar3','123456','2019-11-29 00:33:23',1,NULL,NULL,8,1),
(11,'estandar4','123456','2019-11-29 00:34:21',1,NULL,NULL,9,1);

/*!40101 SET SQL_MODE=@OLD_SQL_MODE */;
/*!40014 SET FOREIGN_KEY_CHECKS=@OLD_FOREIGN_KEY_CHECKS */;
/*!40014 SET UNIQUE_CHECKS=@OLD_UNIQUE_CHECKS */;
/*!40111 SET SQL_NOTES=@OLD_SQL_NOTES */;
